날짜,부산,경북,인천,울산,경기,강원,충북,충남,전북,전남,경남,제주,서울
2005년 1월,"16,351","13,780","9,870","5,617","11,535","6,816","4,899","13,057","7,654","12,237","7,125","2,346",54576
2005년 2월,"13,478","13,673","9,465","4,277","10,495","6,023","4,664","11,029","7,363","11,963","6,955","2,327",49801
2005년 3월,"17,792","16,946","10,984","6,244","10,956","7,189","6,841","15,720","9,793","13,956","7,568","2,491",62629
2005년 4월,"18,674","16,874","12,008","6,375","12,221","7,443","6,746","14,467","10,973","16,031","7,801","2,430",58217
2005년 5월,"22,064","17,695","11,019","7,096","12,393","7,107","7,806","15,795","11,485","17,134","10,374","2,806",63355
2005년 6월,"18,583","15,198","11,114","6,694","10,782","6,442","6,789","13,924","10,428","14,720","8,483","2,788",61224
2005년 7월,"17,662","16,526","10,842","7,176","10,673","6,927","6,823","14,798","10,751","14,503","6,915","2,926",58363
2005년 8월,"17,688","16,914","11,793","7,525","12,502","7,534","6,833","14,386","10,132","15,340","7,549","2,842",66493
2005년 9월,"18,117","16,896","10,752","6,813","11,783","6,940","6,232","13,936","11,533","14,196","9,903","2,752",56326
2005년 10월,"16,978","15,190","8,245","7,464","10,133","5,896","6,122","10,926","10,675","14,620","6,917","2,860",55027
2005년 11월,"17,860","17,239","12,985","6,670","12,135","7,402","7,071","11,666","10,075","15,838","10,545","2,676",67216
2005년 12월,"17,977","17,221","10,197","6,799","12,754","7,403","6,525","11,608","10,051","13,812","10,428","2,430",67362
2006년 1월,"16,581","13,385","9,982","8,311","11,090","5,810","5,505","11,187","8,668","16,052","6,829","1,864",57868
2006년 2월,"17,608","14,838","10,249","7,562","12,407","7,711","6,375","10,374","7,494","18,199","8,453","2,170",61420
2006년 3월,"19,322","18,376","10,521","7,028","12,674","8,223","7,057","13,583","11,062","15,478","10,283","2,682",66112
2006년 4월,"18,257","17,497","9,363","6,542","12,566","6,857","6,633","12,463","11,212","16,121","9,437","2,250",64646
2006년 5월,"20,927","18,874","9,691","7,389","13,286","6,653","7,783","13,892","12,877","20,905","9,032","2,531",68775
2006년 6월,"16,708","17,038","10,897","7,681","13,077","6,677","6,588","12,664","10,733","16,275","9,221","3,001",64239
2006년 7월,"18,173","15,553","9,137","6,509","11,714","5,495","6,900","12,405","9,466","15,726","8,556","2,843",61863
2006년 8월,"17,007","14,871","10,014","7,649","11,395","6,923","6,506","11,731","10,015","19,737","7,540","3,532",64325
2006년 9월,"17,539","14,554","9,326","6,705","10,431","5,983","7,123","12,350","10,502","16,404","8,440","2,212",56435
2006년 10월,"15,650","14,482","9,708","5,684","10,898","4,676","5,908","11,143","8,848","14,086","7,798","2,408",59806
2006년 11월,"17,801","15,790","9,596","5,727","11,040","6,008","6,849","13,218","9,248","16,166","8,605","1,999",59701
2006년 12월,"16,996","13,683","12,497","5,322","11,124","5,569","5,776","11,842","8,479","14,820","8,433","2,277",65702
2007년 1월,"16,159","13,546","11,181","6,425","12,046","5,962","6,136","11,398","8,699","15,759","7,767","1,969",65898
2007년 2월,"14,027","14,233","9,938","5,157","10,539","5,886","5,179","12,578","7,160","12,928","6,308","1,579",61308
2007년 3월,"14,383","14,069","7,436","4,930","9,516","5,474","6,340","12,375","8,666","14,560","7,745","2,026",55625
2007년 4월,"14,981","15,203","9,219","4,756","10,074","6,247","6,265","11,341","9,120","15,080","6,977","2,574",58718
2007년 5월,"19,636","15,446","10,378","6,011","12,259","5,695","7,149","13,861","8,775","18,700","8,717","2,538",64198
2007년 6월,"17,092","12,190","9,438","6,015","11,282","4,988","5,967","11,693","7,660","15,918","8,739","2,327",59445
2007년 7월,"16,845","11,695","9,354","5,703","11,027","5,620","6,378","12,212","8,058","15,446","8,225","2,497",59096
2007년 8월,"14,674","11,502","7,933","5,089","10,323","4,602","6,040","11,916","8,386","14,125","6,363","2,679",55232
2007년 9월,"14,327","9,823","6,188","4,417","8,027","4,089","5,324","10,146","7,108","12,633","6,315","2,152",43547
2007년 10월,"15,854","13,725","10,203","6,150","12,742","5,597","5,986","12,252","8,375","14,406","8,691","2,446",61393
2007년 11월,"16,180","13,968","9,108","5,675","11,057","5,089","6,651","13,815","8,798","15,429","8,331","2,410",56365
2007년 12월,"15,465","11,999","9,719","5,104","10,223","5,392","5,388","13,010","7,369","13,020","7,581","2,342",56678
2008년 1월,"16,996","13,755","11,797","5,604","13,082","7,140","5,618","14,464","7,830","13,381","8,701","2,153",74810
2008년 2월,"13,844","12,041","8,213","4,526","10,167","5,603","4,954","11,016","6,476","12,753","6,027","2,311",51348
2008년 3월,"15,875","15,952","9,075","4,996","10,760","6,027","6,819","14,221","8,835","15,436","8,014","2,770",62490
2008년 4월,"17,866","15,851","9,694","5,784","11,960","6,073","7,373","13,660","9,873","15,557","8,731","2,860",61590
2008년 5월,"19,583","17,247","10,417","5,551","11,304","6,169","7,695","15,750","9,626","18,446","8,428","2,818",64288
2008년 6월,"16,490","15,138","10,434","6,825","11,751","6,146","6,716","14,179","9,280","18,091","8,044","2,353",59893
2008년 7월,"17,222","14,880","10,320","6,846","12,900","6,393","7,700","14,964","8,888","18,237","8,920","2,470",67113
2008년 8월,"16,992","15,369","10,146","6,156","11,438","5,637","6,883","14,156","8,787","16,399","8,310","2,914",65398
2008년 9월,"17,873","16,253","10,799","5,829","12,118","6,428","7,992","15,017","10,121","16,433","9,361","2,826",61963
2008년 10월,"17,710","16,756","9,710","6,758","11,850","6,194","8,207","15,658","9,548","16,054","9,082","2,950",65011
2008년 11월,"20,643","17,220","9,729","6,074","12,725","5,939","7,843","15,780","10,055","17,099","9,287","2,848",62181
2008년 12월,"19,175","17,563","11,468","6,335","11,502","5,524","7,151","14,369","8,514","16,765","9,161","3,269",68020
2009년 1월,"15,569","16,187","9,696","4,968","11,874","6,136","7,035","13,303","8,117","14,364","8,900","2,299",64222
2009년 2월,"16,250","17,169","9,266","5,553","12,684","5,845","6,457","13,432","7,224","15,647","9,379","2,785",62939
2009년 3월,"17,775","18,997","10,979","5,795","12,156","7,064","8,263","15,569","10,664","15,958","10,291","2,942",66304
2009년 4월,"21,150","17,394","10,662","6,286","13,571","7,131","9,054","15,469","11,708","18,808","9,087","3,302",67594
2009년 5월,"21,817","20,013","13,556","6,521","14,728","7,012","9,034","16,943","12,152","21,096","9,948","3,204",76590
2009년 6월,"17,554","17,137","12,139","7,176","15,610","5,862","8,481","16,577","11,176","19,562","9,956","3,689",71147
2009년 7월,"17,827","19,094","12,541","6,608","15,295","7,415","9,549","16,170","10,137","17,974","10,207","3,159",74736
2009년 8월,"17,519","19,636","11,538","6,072","14,805","7,031","7,675","15,109","9,410","16,783","9,024","3,227",72010
2009년 9월,"19,130","17,224","9,979","6,030","12,569","6,380","8,604","14,436","11,357","15,611","9,125","3,149",67039
2009년 10월,"16,659","15,820","8,994","5,624","11,908","6,174","7,489","14,130","9,014","13,434","8,394","2,947",62224
2009년 11월,"18,310","18,821","10,722","6,962","15,109","7,003","9,816","17,258","11,180","17,769","10,757","3,152",72872
2009년 12월,"17,252","17,987","10,797","6,333","14,492","6,710","7,990","14,381","9,106","14,822","9,485","3,061",65785
2010년 1월,"17,924","17,046","10,505","5,653","13,270","5,075","7,835","14,692","8,345","16,299","8,730","3,033",70578
2010년 2월,"15,164","15,204","9,562","5,188","12,294","5,976","6,642","12,069","8,297","12,204","7,742","2,605",63205
2010년 3월,"19,181","18,356","11,312","5,262","12,927","6,843","8,329","15,595","10,335","15,681","9,797","3,137",67031
2010년 4월,"21,260","18,096","10,893","6,423","13,273","7,067","9,085","15,716","11,421","16,411","9,534","3,146",64962
2010년 5월,"22,223","18,568","12,112","6,244","15,047","6,503","10,123","17,023","12,525","20,028","11,225","3,407",72940
2010년 6월,"19,263","18,307","13,278","6,911","15,094","6,648","8,619","16,310","11,021","18,103","10,041","3,796",72912
2010년 7월,"20,610","18,208","16,160","6,360","16,098","8,365","9,313","15,536","9,816","18,429","10,949","3,609",91925
2010년 8월,"19,804","18,757","15,168","6,668","14,525","7,878","7,958","16,601","9,807","16,908","9,913","3,270",88887
2010년 9월,"18,820","16,970","13,188","6,247","13,530","7,292","7,842","16,119","10,359","16,110","9,928","3,004",76107
2010년 10월,"19,612","16,829","12,957","6,534","13,403","7,482","8,377","16,568","11,168","15,391","10,095","2,895",78084
2010년 11월,"20,301","18,559","14,378","6,625","16,032","7,135","9,286","17,648","11,878","16,508","10,728","3,353",84913
2010년 12월,"19,232","18,369","14,735","6,163","15,786","7,368","7,800","18,108","9,812","16,337","10,852","3,199",83242
2011년 1월,"18,355","16,594","14,998","5,479","14,381","6,286","7,680","16,440","9,933","15,030","9,937","2,361",80567
2011년 2월,"15,130","15,169","12,689","4,700","12,652","5,485","6,974","13,280","8,480","12,732","7,666","2,166",74355
2011년 3월,"20,424","17,791","14,936","5,691","14,750","7,434","8,392","16,766","11,633","16,595","9,702","2,890",80647
2011년 4월,"20,120","17,565","14,104","6,472","14,097","8,296","8,864","16,422","12,110","17,732","9,254","3,031",77088
2011년 5월,"22,290","19,143","16,071","7,456","17,005","8,437","9,112","18,584","13,124","19,096","11,150","3,301",87451
2011년 6월,"16,122","17,367","14,186","6,008","14,522","7,598","7,005","15,600","10,561","15,391","9,427","2,940",78319
2011년 7월,"18,379","17,483","15,216","5,897","14,210","7,837","6,653","15,312","9,602","14,865","9,928","3,070",88382
2011년 8월,"16,956","18,746","14,830","5,882","15,284","7,681","6,572","15,467","9,139","15,294","8,388","3,165",90488
2011년 9월,"18,233","16,133","13,816","5,988","13,736","8,271","7,377","15,309","10,480","16,907","9,726","2,971",81129
2011년 10월,"15,743","16,506","13,336","5,712","14,359","8,159","6,757","14,512","9,628","15,427","8,787","2,760",82817
2011년 11월,"18,735","19,972","15,444","6,941","15,538","8,600","8,618","16,988","10,873","17,459","10,486","3,028",93884
2011년 12월,"16,530","19,254","15,284","7,278","16,055","8,203","7,350","15,057","9,943","16,223","9,873","2,536",90799
2012년 1월,"15,640","17,341","13,853","5,982","14,183","8,846","6,896","15,512","9,342","14,868","9,179","2,566",81723
2012년 2월,"17,367","19,317","14,766","6,675","15,904","8,753","6,994","15,727","9,939","15,988","9,619","2,604",87329
2012년 3월,"21,009","18,592","14,144","6,143","14,596","9,579","8,125","16,590","10,378","14,667","10,255","2,792",82391
2012년 4월,"16,331","19,200","13,607","6,573","14,077","9,174","8,701","17,215","10,674","15,417","9,774","2,992",77236
2012년 5월,"23,085","21,419","15,485","7,500","16,534","9,028","9,759","19,709","13,057","18,606","11,941","2,835",92653
2012년 6월,"16,225","17,198","14,161","6,393","14,411","8,619","7,864","16,240","11,323","16,813","9,626","2,635",82728
2012년 7월,"17,677","17,688","15,242","6,683","16,273","8,963","8,754","17,170","10,505","16,263","10,728","2,541",97696
2012년 8월,"17,563","18,673","13,965","6,989","13,246","8,261","7,713","16,209","10,139","13,047","9,595","2,483",90316
2012년 9월,"17,138","18,725","13,828","6,407","12,490","9,161","9,042","16,943","11,242","14,641","8,562","2,519",80151
2012년 10월,"18,153","19,535","13,896","6,752","14,910","9,333","8,779","18,265","9,869","14,410","9,413","2,498",88441
2012년 11월,"20,755","21,235","14,725","6,863","14,680","10,373","9,541","19,320","11,402","16,768","11,540","2,924",94542
2012년 12월,"17,932","17,901","15,766","6,121","14,438","8,208","7,929","17,346","10,054","14,167","10,054","2,465",84300
2013년 1월,"17,484","20,204","15,402","6,383","15,816","11,137","7,496","17,296","10,384","15,577","11,311","2,710",90279
2013년 2월,"15,169","16,292","11,977","5,689","13,229","9,053","5,883","13,958","8,569","12,324","8,389","2,341",74849
2013년 3월,"21,258","19,469","14,773","6,921","15,639","10,155","8,858","19,258","12,027","16,605","10,638","2,783",83867
2013년 4월,"19,251","21,646","13,031","7,399","16,372","10,695","8,336","18,337","12,834","18,871","11,352","2,763",82149
2013년 5월,"20,802","22,470","15,440","7,460","16,445","10,180","9,002","19,713","12,035","19,346","11,949","2,732",89579
2013년 6월,"18,592","18,012","14,851","6,686","16,360","8,981","7,614","18,344","11,296","17,283","11,124","2,897",90761
2013년 7월,"19,701","20,469","16,984","6,816","17,293","11,246","8,377","19,233","10,427","17,091","12,820","2,964",100671
2013년 8월,"22,344","20,472","16,796","6,916","17,813","10,220","8,002","19,420","10,539","16,140","10,769","3,331",101431
2013년 9월,"16,224","20,089","12,533","5,264","13,747","8,465","7,975","17,350","10,355","15,731","10,383","2,827",84335
2013년 10월,"20,926","21,431","15,422","7,173","15,911","10,010","8,546","21,500","11,434","18,163","11,277","3,045",93132
2013년 11월,"20,424","23,817","14,988","7,448","16,419","9,987","9,761","20,573","11,390","20,134","12,823","2,961",99303
2013년 12월,"18,748","20,379","15,615","7,150","16,218","10,326","8,295","19,068","10,138","18,499","11,936","2,950",94179
2014년 1월,"18,705","20,283","13,767","6,247","14,168","9,772","7,257","17,578","10,033","16,564","10,965","2,507",86632
2014년 2월,"16,542","18,176","12,993","5,853","14,483","9,153","6,707","16,132","8,430","14,289","10,851","2,545",86291
2014년 3월,"20,364","22,759","14,557","7,939","17,230","10,632","8,515","20,992","10,412","18,566","12,260","3,107",92476
2014년 4월,"18,511","22,083","14,023","7,188","16,317","11,086","8,725","18,456","12,672","18,656","12,085","3,038",86219
2014년 5월,"22,725","25,737","17,274","8,864","19,443","11,930","9,638","21,476","12,467","21,044","12,951","3,401",99068
2014년 6월,"17,526","18,738","14,903","6,891","17,135","9,491","8,059","19,372","9,740","17,962","11,553","3,093",89973
2014년 7월,"21,390","22,838","18,938","8,024","19,950","11,292","9,396","19,099","10,834","19,026","13,699","3,426",109035
2014년 8월,"19,749","21,497","17,011","7,765","17,602","10,978","7,966","20,063","10,289","17,497","12,862","3,363",99832
2014년 9월,"18,991","21,139","13,978","6,863","17,274","10,218","7,550","18,534","9,992","18,634","10,473","3,168",89113
2014년 10월,"20,533","22,718","16,263","8,288","17,989","10,506","8,570","19,486","10,295","18,045","11,596","3,239",96094
2014년 11월,"20,453","23,925","15,747","7,673","16,403","11,128","9,545","19,860","10,180","19,664","12,405","3,442",100840
2014년 12월,"20,307","23,872","16,293","7,815","18,212","11,820","8,263","20,969","10,067","17,848","11,416","3,063",95444
2015년 1월,"19,675","21,740","15,994","7,394","17,143","11,876","7,696","19,761","11,198","17,973","11,820","2,879",94103
2015년 2월,"15,905","18,616","13,569","6,181","14,288","9,676","6,771","16,622","7,018","15,120","9,709","2,529",78650
2015년 3월,"22,116","22,959","15,313","8,618","18,431","12,757","8,739","21,340","9,730","18,120","12,124","3,419",90628
2015년 4월,"19,022","21,872","14,409","7,595","17,549","12,611","8,473","19,792","12,950","17,958","10,938","3,606",86297
2015년 5월,"21,271","23,114","17,622","9,015","19,519","12,541","8,937","21,907","12,185","20,461","12,511","3,457",94000
2015년 6월,"18,197","20,104","14,941","7,929","15,805","12,750","8,890","19,416","9,410","18,240","11,224","3,961",88576
2015년 7월,"21,524","23,384","15,982","8,656","20,526","14,610","9,057","21,095","10,418","19,745","12,111","3,575",101073
2015년 8월,"20,248","20,470","15,772","7,450","18,399","12,119","7,680","21,649","10,902","18,366","10,511","3,324",97611
2015년 9월,"19,120","20,717","14,669","7,529","17,843","12,537","8,660","20,262","11,879","17,755","10,576","3,362",89960
2015년 10월,"21,460","23,802","14,719","7,997","19,853","12,476","8,551","22,593","11,486","19,645","11,204","3,924",98132
2015년 11월,"21,301","23,142","13,277","7,772","18,997","12,342","9,429","22,146","11,627","20,342","12,329","3,752",93750
2015년 12월,"18,162","20,307","14,580","7,604","20,395","13,500","6,744","22,581","10,075","17,804","10,667","2,888",93751
2016년 1월,"18,101","18,967","15,224","6,835","18,710","12,373","7,458","18,817","9,524","15,178","11,652","2,806",94131
2016년 2월,"14,026","16,956","11,243","6,350","14,588","10,563","5,320","15,508","7,159","14,044","8,845","2,494",78152
2016년 3월,"18,838","20,829","13,622","7,559","18,119","12,811","7,466","21,075","10,202","18,080","11,545","3,065",89223
2016년 4월,"17,662","20,312","12,844","7,067","17,624","12,984","7,276","19,502","9,771","16,976","10,738","3,149",78632
2016년 5월,"18,591","20,312","13,249","7,725","17,931","12,967","7,593","21,190","10,750","19,007","10,679","3,444",85962
2016년 6월,"14,900","17,402","12,588","6,425","15,501","12,346","7,388","18,839","10,506","16,615","9,782","3,456",78661
2016년 7월,"17,931","19,446","13,991","7,362","18,005","13,373","7,507","19,803","9,268","18,028","11,416","3,084",91058
2016년 8월,"16,326","19,414","13,063","7,559","16,012","12,597","7,466","19,385","8,903","15,375","10,551","2,729",85641
2016년 9월,"15,355","19,486","12,600","7,065","16,640","11,748","7,233","18,653","9,439","15,772","9,119","2,922",79052
2016년 10월,"17,817","20,511","14,138","7,719","18,077","12,495","8,727","20,563","10,225","19,004","10,640","2,809",92997
2016년 11월,"16,536","21,751","13,968","8,004","16,520","12,680","7,984","22,098","10,443","17,788","10,621","3,096",92938
2016년 12월,"18,761","21,509","15,214","7,653","17,540","12,914","7,924","21,058","9,914","16,216","12,136","2,752",96591
2017년 1월,"14,048","17,099","13,507","6,187","17,042","10,288","6,736","16,132","8,429","15,172","10,255","2,469",84112
2017년 2월,"14,158","17,997","13,132","6,204","15,506","12,334","6,818","16,605","8,387","15,666","9,755","3,080",81848
2017년 3월,"19,782","21,158","13,973","8,257","18,517","13,186","8,211","21,142","8,716","18,277","12,309","3,496",86854
2017년 4월,"18,622","19,006","13,428","7,015","17,124","12,653","7,953","19,755","9,388","17,394","9,874","2,915",78294
2017년 5월,"20,429","23,245","14,881","8,352","19,969","14,524","8,776","23,318","12,607","22,455","12,023","3,752",92207
2017년 6월,"17,015","19,493","13,227","7,211","16,397","12,644","7,605","19,426","9,769","18,012","10,105","3,181",82508
2017년 7월,"20,642","20,529","14,455","7,434","18,641","13,662","8,432","21,421","9,691","19,060","12,251","3,242",99844
2017년 8월,"17,583","20,430","13,678","7,553","17,977","13,451","8,177","19,455","9,328","19,113","10,208","3,316",93383
2017년 9월,"18,991","21,324","13,273","7,650","17,689","14,334","8,559","21,002","9,759","19,438","11,170","3,149",84738
2017년 10월,"16,119","18,072","12,742","6,237","15,172","11,760","7,866","18,862","8,743","16,477","9,538","2,787",83771
2017년 11월,"19,208","20,677","12,506","7,627","17,579","13,804","8,536","22,596","10,158","19,117","11,592","3,166",92551
2017년 12월,"18,608","21,744","14,731","6,534","19,200","12,324","7,975","21,398","9,243","20,085","11,415","3,251",94951
2018년 1월,"15,949","18,898","13,928","6,661","17,904","12,944","7,461","18,643","8,122","15,917","11,562","2,795",93971
2018년 2월,"15,671","16,506","11,781","5,613","14,941","12,004","6,774","16,531","7,782","13,544","8,659","2,147",83047
2018년 3월,"21,675","21,305","14,375","7,364","17,943","14,366","8,731","21,392","9,234","18,633","11,766","3,044",95735
2018년 4월,"17,887","20,156","12,750","7,548","16,761","13,860","8,274","20,145","9,255","17,624","11,140","2,922",83487
2018년 5월,"20,888","22,584","13,403","8,683","17,573","13,976","8,717","24,166","9,883","22,238","13,023","3,401",94867
2018년 6월,"18,776","19,483","11,655","6,884","15,719","13,191","7,167","19,737","8,373","16,273","10,406","2,569",82668
2018년 7월,"19,451","19,644","13,851","6,999","17,484","13,912","8,235","20,464","9,018","17,883","11,684","2,878",91932
2018년 8월,"18,240","20,555","12,445","7,085","16,300","13,695","7,824","20,088","8,825","15,443","11,310","2,824",83709
2018년 9월,"17,877","19,282","12,560","7,368","15,584","12,521","7,175","20,029","9,303","18,067","10,631","2,769",81094
2018년 10월,"17,962","21,678","13,163","7,414","17,545","13,534","7,792","21,886","10,027","17,016","10,975","2,692",83392
2018년 11월,"21,033","24,693","14,424","8,140","18,842","14,573","8,682","24,434","10,046","18,924","13,126","3,333",92919
2018년 12월,"18,188","21,371","12,982","6,952","17,316","12,783","6,976","20,808","8,714","15,181","10,437","2,890",86648
2019년 1월,"17,057","19,477","13,095","7,051","18,167","13,645","7,543","19,718","9,284","15,444","11,941","2,930",92040
2019년 2월,"14,340","16,014","11,212","6,086","16,195","10,508","6,490","15,692","7,296","13,452","8,507","2,554",78249
2019년 3월,"18,615","20,039","12,449","8,024","16,794","13,466","8,077","20,164","9,620","17,448","11,846","2,921",85140
2019년 4월,"18,869","19,916","12,417","7,850","17,829","12,941","8,180","20,486","8,418","19,061","10,773","2,983",76787
2019년 5월,"20,369","21,010","13,308","9,000","18,626","14,132","8,711","24,729","10,337","19,180","11,039","3,421",93351
2019년 6월,"17,475","19,225","12,874","7,349","17,131","12,234","7,564","20,874","9,088","16,066","10,240","2,951",78847
2019년 7월,"18,037","20,463","14,151","7,772","19,006","13,757","8,482","20,596","9,553","18,916","12,131","3,304",87613
2019년 8월,"17,784","19,117","14,171","7,496","17,373","13,412","8,082","21,930","9,330","16,083","12,704","2,940",81805
2019년 9월,"16,299","17,517","12,537","7,156","15,362","12,661","7,583","20,203","8,334","17,923","9,804","2,739",73008
2019년 10월,"17,889","19,240","14,597","7,506","18,150","11,773","7,710","20,942","9,357","18,194","10,767","3,126",82311
2019년 11월,"18,471","20,480","12,912","8,611","18,622","12,903","8,652","22,431","8,804","18,565","11,599","3,116",87762
2019년 12월,"18,356","19,983","14,669","7,698","17,915","12,174","7,177","21,013","9,482","16,273","11,606","2,988",86060
2020년 1월,"13,734","17,335","12,516","6,213","16,008","11,683","6,459","17,729","6,975","15,132","10,285","2,705",80955
2020년 2월,"14,597","13,270","12,028","6,106","17,222","10,942","6,001","17,425","6,870","14,091","10,624","2,925",75687
2020년 3월,"13,713","10,023","13,997","6,070","17,506","12,486","7,319","17,421","8,226","15,223","11,007","3,564",77658
2020년 4월,"13,964","11,465","13,440","5,801","16,427","11,083","6,436","17,256","7,150","12,776","9,568","3,352",72242
2020년 5월,"18,062","16,050","15,184","7,353","19,730","12,512","7,465","22,171","8,673","16,328","11,670","3,856",84606
2020년 6월,"17,318","16,322","14,056","7,489","19,693","12,183","7,219","19,772","8,927","15,756","10,817","3,573",80146
2020년 7월,"18,279","17,115","15,046","7,894","20,879","13,117","7,890","20,861","8,190","15,301","11,772","4,131",79475
2020년 8월,"18,242","19,948","13,753","7,325","18,793","11,907","7,506","22,142","9,576","14,986","11,458","3,352",74126
2020년 9월,"15,982","17,387","13,917","7,000","19,236","11,969","7,328","20,123","9,998","15,316","11,262","3,637",71071
2020년 10월,"17,098","17,976","12,649","6,756","18,860","11,199","7,374","20,993","8,852","15,953","10,726","3,515",71307
2020년 11월,"19,350","19,578","13,576","7,694","19,736","9,923","7,694","20,762","9,435","16,008","10,481","3,847",74780
2020년 12월,"16,963","19,904","14,912","6,817","21,812","11,666","7,057","22,170","9,898","16,283","11,419","3,216",79408
2021년 1월,"15,588","18,370","13,807","6,976","18,715","10,933","6,427","17,669","8,676","16,156","10,656","3,857",76613
2021년 2월,"14,390","16,217","12,461","6,211","16,592","10,101","6,336","16,554","7,112","13,845","8,803","2,796",68257
2021년 3월,"19,000","20,089","13,448","7,388","19,519","13,104","8,128","22,177","8,700","17,265","10,898","3,598",78967
2021년 4월,"15,885","18,494","13,676","7,187","18,552","10,939","7,503","20,031","8,472","14,661","10,454","4,009",72660
2021년 5월,"18,158","19,967","14,000","7,658","20,186","11,926","7,157","21,864","8,875","16,252","11,313","3,451",80811
2021년 6월,"14,836","18,101","12,385","6,651","17,700","10,691","6,782","19,253","9,335","14,593","10,354","3,673",73944
2021년 7월,"16,652","17,907","13,641","7,151","19,394","10,083","7,161","20,349","9,029","16,733","10,467","3,589",73684
2021년 8월,"14,415","16,953","15,356","6,596","19,409","12,644","6,973","19,183","8,596","15,514","9,803","3,259",73835
2021년 9월,"15,153","18,859","13,321","6,569","17,717","11,230","6,954","18,807","8,310","14,837","9,733","3,511",70189
2021년 10월,"15,196","18,434","14,321","6,357","18,568","9,907","6,721","17,819","7,903","13,989","9,306","3,247",71486
2021년 11월,"18,140","21,311","14,549","7,280","18,818","11,616","6,955","19,351","8,668","15,174","11,062","3,417",78784
2021년 12월,"17,373","20,628","15,798","7,525","20,566","11,119","7,476","20,372","9,239","16,279","11,798","3,628",81543
2022년 1월,"13,293","16,335","12,842","5,797","16,045","9,602","5,291","16,506","6,893","13,115","9,007","3,035",71638
2022년 2월,"13,041","15,293","13,225","5,543","16,231","8,675","5,288","15,875","6,355","12,233","8,317","2,849",65957
2022년 3월,"15,123","17,707","12,799","5,595","16,833","9,774","6,075","17,396","6,928","13,074","8,964","3,135",71035
2022년 4월,"17,457","19,145","15,164","7,325","19,461","10,918","7,094","20,517","7,900","16,891","11,058","3,260",76004
2022년 5월,"21,577","21,705","15,162","8,199","19,619","11,235","8,112","22,631","9,228","17,738","11,835","4,016",86243
2022년 6월,"16,655","17,949","14,069","6,928","16,895","10,669","7,115","19,704","8,096","15,225","10,319","3,490",72761
2022년 7월,"17,089","14,711","14,508","6,828","17,870","10,617","6,908","18,885","8,175","15,476","10,842","3,813",78802
2022년 8월,"15,773","19,052","13,671","7,758","17,160","10,049","6,463","20,358","8,139","15,683","10,150","3,572",76224
2022년 9월,"17,947","19,595","13,787","7,578","18,259","11,728","8,008","21,288","8,639","19,046","10,308","3,687",76750
2022년 10월,"18,268","20,574","15,198","8,382","18,635","10,040","8,153","21,841","8,985","17,565","10,717","3,634",76636
2022년 11월,"19,126","22,688","14,632","7,851","18,757","10,839","7,880","21,325","8,966","17,404","10,843","3,645",83668
2022년 12월,"18,822","20,400","15,652","9,335","21,042","10,720","7,433","20,830","8,660","16,075","10,890","3,612",85344
2023년 1월,"13,636","16,650","13,673","7,240","18,010","8,552","5,471","17,166","7,032","13,144","9,747","3,041",75886
2023년 2월,"16,068","17,965","14,112","7,542","18,408","9,549","6,113","16,702","6,409","14,578","10,501","3,374",73076
2023년 3월,"16,924","19,150","14,198","7,814","18,891","11,552","7,569","21,288","8,485","14,757","10,040","3,810",83829
2023년 4월,"16,386","18,804","13,141","8,341","16,693","10,816","6,745","19,634","7,561","15,032","9,792","3,799",74994
2023년 5월,"18,788","21,368","15,397","8,448","19,054","11,224","7,479","21,108","9,040","16,293","10,939","4,012",84808
2023년 6월,"16,189","18,117","14,446","8,213","17,723","11,888","7,515","19,974","8,398","15,263","11,031","4,299",79761
2023년 7월,"17,321","18,735","16,720","8,142","19,206","10,959","7,373","19,875","8,897","18,791","10,911","4,134",85624
2023년 8월,"18,164","19,634","15,458","8,900","19,271","11,839","6,811","20,511","9,111","16,850","11,026","4,056",82480
2023년 9월,"16,622","18,581","13,885","8,169","17,561","11,130","7,135","18,448","8,341","15,269","10,827","4,057",75650
2023년 10월,"16,987","20,363","14,820","8,371","20,012","10,449","7,652","19,567","9,487","15,483","11,209","4,095",75152
2023년 11월,"19,469","20,742","14,625","9,143","19,469","12,444","7,944","20,389","7,981","16,743","11,589","4,180",85073
2023년 12월,"19,141","19,606","16,364","8,938","20,865","12,449","7,614","19,941","9,372","16,884","11,481","4,246",87516
2024년 1월,"15,930","19,206","15,366","8,352","19,179","11,623","7,227","19,470","8,213","16,001","11,345","4,144",82079
2024년 2월,"15,409","17,138","14,417","8,281","17,726","10,165","6,682","18,040","7,795","16,116","9,968","3,858",77245
2024년 3월,"18,185","18,555","14,997","8,154","18,596","12,641","7,034","18,182","8,568","14,351","10,758","4,044",78859
2024년 4월,"17,602","18,623","14,801","8,731","18,159","11,688","7,874","19,083","8,846","15,258","11,308","4,328",76320
2024년 5월,"18,958","21,098","15,844","9,983","19,082","12,125","8,203","21,479","9,638","16,984","12,006","4,177",87787
2024년 6월,"17,106","19,654","15,897","8,811","18,220","11,963","7,126","19,589","8,796","16,478","11,682","3,824",79633
2024년 7월,"17,488","20,374","16,804","10,157","19,817","12,757","7,990","21,126","9,219","16,565","12,743","4,424",83834
2024년 8월,"16,387","20,365","16,459","9,093","19,585","12,192","7,415","19,844","8,759","15,811","11,954","4,331",81043
2024년 9월,"17,815","20,549","14,775","8,696","17,828","11,615","7,416","20,005","8,491","15,449","10,298","3,959",78595
2024년 10월,"17,403","21,005","15,231","8,977","19,301","12,108","7,753","21,633","8,338","16,318","11,075","4,089",79282
2024년 11월,"19,096","23,106","15,864","9,993","19,907","13,458","8,226","22,344","9,280","17,424","11,779","4,043",86748
2024년 12월,"19,777","21,696","16,826","9,528","19,819","13,380","7,612","20,181","8,683","15,831","11,595","4,274",88837
2025년 1월,"14,904","17,906","14,165","7,695","17,349","10,511","5,903","16,791","6,802","13,497","9,825","3,707",73251
2025년 2월,"15,890","18,322","15,065","7,976","18,113","11,422","6,423","17,921","7,922","14,487","10,493","3,715",75663
2025년 3월,"18,177","20,755","14,676","9,881","19,469","12,359","7,634","20,444","8,592","15,809","11,421","3,902",82355
2025년 4월,"17,206","19,962","14,993","8,994","19,551","12,620","8,105","19,947","9,429","14,385","11,212","4,140",76685
2025년 5월,"19,269","23,019","15,866","9,947","20,942","12,955","8,599","22,611","9,584","16,126","11,112","4,240",89209
2025년 6월,"17,338","19,781","16,277","9,582","19,181","12,137","8,301","18,885","9,044","16,084","12,387","4,128",82021
2025년 7월,"17,276","21,571","17,603","10,049","22,044","13,084","8,728","21,474","10,305","16,509","12,625","4,341",85500
2025년 8월,"17,706","20,917","16,526","9,726","19,119","11,886","7,648","20,966","9,575","16,407","11,239","4,343",82584
2025년 9월,"17,599","20,529","15,151","9,467","19,212","13,520","8,040","20,769","10,052","14,975","12,407","4,025",77538
2025년 10월,"16,852","18,470","15,467","8,131","18,750","11,292","7,527","19,194","8,909","14,187","10,018","3,675",76729
2025년 11월,"18,941","19,539","16,827","9,378","19,131","12,668","7,669","20,920","8,881","15,923","10,698","3,755",84733
2025년 12월,"17,939","21,283","17,303","9,376","20,628","13,303","7,262","20,253","8,918","14,828","11,564","4,089",87803
